{
  "controller/App.controller.js": 1710337894854,
  "i18n/i18n.properties": 1710337924686,
  "model/models.js": 1710337894850,
  "controller/View1.controller.js": 1710337894862,
  "manifest.json": 1710338760188,
  "Component.js": 1710337894846,
  "Component-preload.js": 1710338760472,
  "controller/App-dbg.controller.js": 1710337894854,
  "controller/View1-dbg.controller.js": 1710337894862,
  "model/models-dbg.js": 1710337894850,
  "Component-dbg.js": 1710337894846,
  "view/View1.view.xml": 1710337894862,
  "view/App.view.xml": 1710337894858,
  "css/style.css": 1710337894858,
  "index.html": 1710337894846
}